City_ID,City,Country,Date,Lat,Lng,Max Temp,Humidity,Cloudiness,Wind Speed
0,Muramvya,BI,2022-07-17 16:33:42,-3.2682,29.6079,62.96,57,93,2.66
1,Saint-Francois,FR,2022-07-17 16:33:42,46.4154,3.9054,89.04,23,0,11.5
2,Ushuaia,AR,2022-07-17 16:33:03,-54.8,-68.3,42.46,52,40,10.36
3,Ahipara,NZ,2022-07-17 16:33:43,-35.1667,173.1667,48.13,84,91,5.28
4,Port Elizabeth,ZA,2022-07-17 16:33:43,-33.918,25.5701,77.09,36,0,2.3
5,Caceres,ES,2022-07-17 16:33:01,39.522,-6.3748,107.33,8,40,10.76
6,Luis Correia,BR,2022-07-17 16:33:44,-2.8792,-41.6669,91.4,62,40,10.36
7,Sorland,NO,2022-07-17 16:33:44,67.667,12.6934,53.46,77,80,13.78
8,Rikitea,PF,2022-07-17 16:33:44,-23.1203,-134.9692,73.96,78,100,16.46
9,East London,ZA,2022-07-17 16:33:45,-33.0153,27.9116,68.94,52,0,6.91
10,Korla,CN,2022-07-17 16:31:28,41.7597,86.1469,80.35,27,49,5.26
11,Atbasar,KZ,2022-07-17 16:33:45,51.8,68.3333,73.13,58,78,8.43
12,Ust-Kulom,RU,2022-07-17 16:33:45,61.6864,53.6902,66.65,59,83,4.16
13,Lasa,IT,2022-07-17 16:33:46,46.6166,10.7002,86.88,53,18,0.36
14,Arman,RU,2022-07-17 16:32:15,59.7,150.1667,57.02,95,14,2.91
15,Kumeny,RU,2022-07-17 16:33:46,58.1089,49.9161,64.44,82,27,3.56
16,Hobart,AU,2022-07-17 16:33:47,-42.8794,147.3294,39.06,81,75,17.27
17,Khatanga,RU,2022-07-17 16:28:54,71.9667,102.5,58.32,63,100,6.96
18,Mokhsogollokh,RU,2022-07-17 16:33:47,61.4681,128.9203,70.52,77,45,1.52
19,Cape Town,ZA,2022-07-17 16:33:47,-33.9258,18.4232,62.11,87,75,13.8
20,Alofi,NU,2022-07-17 16:33:48,-19.0595,-169.9187,73.29,83,25,8.05
21,Muli,MV,2022-07-17 16:33:48,2.9167,73.5667,80.58,82,100,11.74
22,Arkhangelskoye,RU,2022-07-17 16:33:48,55.8549,35.3287,60.98,70,63,1.23
23,Coquimbo,CL,2022-07-17 16:33:49,-29.9533,-71.3436,58.73,51,0,3.44
24,Griffith,US,2022-07-17 16:33:49,41.5284,-87.4237,78.15,82,100,3.44
25,Mataura,NZ,2022-07-17 16:33:49,-46.1927,168.8643,51.48,83,83,6.58
26,Bluff,NZ,2022-07-17 16:33:50,-46.6,168.3333,51.8,68,84,20.09
27,Karaton,ID,2022-07-17 16:33:50,-6.3424,106.1045,73.81,96,94,0.94
28,Raudeberg,NO,2022-07-17 16:33:51,61.9875,5.1352,57.96,88,79,21.77
29,Saint-Philippe,RE,2022-07-17 16:33:51,-21.3585,55.7679,69.39,78,90,16.31
30,Punta Arenas,CL,2022-07-17 16:33:51,-53.15,-70.9167,33.91,80,0,16.11
31,Impfondo,CG,2022-07-17 16:33:52,1.6381,18.0667,72.25,97,93,3.2
32,Bosaso,SO,2022-07-17 16:33:52,11.2842,49.1816,92.57,44,0,5.7
33,Egvekinot,RU,2022-07-17 16:33:52,66.3167,-179.1667,38.23,49,88,15.79
34,Victor Harbor,AU,2022-07-17 16:30:12,-35.5667,138.6167,48.0,88,76,1.01
35,Cap Malheureux,MU,2022-07-17 16:33:53,-19.9842,57.6142,68.47,75,39,5.01
36,Escada,BR,2022-07-17 16:33:53,-8.3592,-35.2236,79.54,77,55,13.02
37,Hithadhoo,MV,2022-07-17 16:33:54,-0.6,73.0833,77.5,92,100,25.66
38,Kalmunai,LK,2022-07-17 16:33:54,7.4167,81.8167,81.9,82,100,1.43
39,Vaini,TO,2022-07-17 16:33:54,-21.2,-175.2,73.56,88,40,6.91
40,Praia,CV,2022-07-17 16:33:55,14.9215,-23.5087,82.94,65,20,16.11
41,Khandbari,NP,2022-07-17 16:33:55,27.3747,87.2039,74.5,93,96,0.63
42,Kaitangata,NZ,2022-07-17 16:33:55,-46.2817,169.8464,42.55,89,89,3.71
43,Albany,US,2022-07-17 16:33:56,42.6001,-73.9662,88.63,50,32,1.99
44,Puerto Ayora,EC,2022-07-17 16:33:56,-0.7393,-90.3518,73.36,88,72,5.99
45,Mednogorskiy,RU,2022-07-17 16:34:56,43.9178,41.1825,66.31,94,92,1.03
46,Evensk,RU,2022-07-17 16:34:57,61.95,159.2333,51.31,98,100,3.4
47,Blairmore,CA,2022-07-17 16:30:17,49.6,-114.4353,66.07,29,1,10.4
48,Yumen,CN,2022-07-17 16:34:57,40.2833,97.2,77.61,35,98,11.56
49,Jamestown,US,2022-07-17 16:34:58,42.097,-79.2353,80.19,69,75,9.22
50,Tutoia,BR,2022-07-17 16:34:58,-2.7619,-42.2744,85.39,60,13,8.46
51,Bredasdorp,ZA,2022-07-17 16:25:19,-34.5322,20.0403,59.61,75,0,6.67
52,Meulaboh,ID,2022-07-17 16:34:58,4.1363,96.1285,78.17,85,69,2.33
53,Mehamn,NO,2022-07-17 16:34:59,71.0357,27.8492,57.15,72,75,5.75
54,Chiredzi,ZW,2022-07-17 16:34:59,-21.05,31.6667,64.31,61,83,4.21
55,Takoradi,GH,2022-07-17 16:34:59,4.8845,-1.7554,77.05,76,64,11.7
56,Matara,LK,2022-07-17 16:35:00,5.9485,80.5353,79.16,86,100,9.33
57,Hilo,US,2022-07-17 16:33:59,19.7297,-155.09,84.27,91,100,4.0
58,Praia Da Vitoria,PT,2022-07-17 16:35:00,38.7333,-27.0667,77.25,73,75,13.04
59,Maymyo,MM,2022-07-17 16:35:01,22.0333,96.4667,70.39,83,100,3.04
60,Broken Hill,AU,2022-07-17 16:35:01,-31.95,141.4333,42.93,92,5,8.28
61,Avarua,CK,2022-07-17 16:27:38,-21.2078,-159.775,71.65,73,99,5.75
62,Airai,TL,2022-07-17 16:25:21,-8.9266,125.4092,53.82,88,42,2.57
63,Quatre Cocos,MU,2022-07-17 16:35:02,-20.2078,57.7625,69.91,65,57,23.26
64,Busselton,AU,2022-07-17 16:35:02,-33.65,115.3333,53.35,93,100,13.11
65,Suntar,RU,2022-07-17 16:35:03,62.1444,117.6319,53.13,98,96,2.57
66,Warrington,GB,2022-07-17 16:35:03,53.3925,-2.5802,89.91,33,0,11.5
67,Longyearbyen,SJ,2022-07-17 16:35:03,78.2186,15.6401,49.84,76,75,4.61
68,Severo-Kurilsk,RU,2022-07-17 16:27:43,50.6789,156.125,53.65,96,100,2.08
69,Katsuura,JP,2022-07-17 16:35:04,35.1333,140.3,76.77,91,24,15.5
70,Anori,BR,2022-07-17 16:35:04,-3.7728,-61.6442,95.11,40,37,5.17
71,Thunder Bay,CA,2022-07-17 16:33:22,48.4001,-89.3168,67.91,73,40,8.05
72,Victoria,HK,2022-07-17 16:32:24,22.2855,114.1577,87.19,82,100,8.99
73,Surt,LY,2022-07-17 16:35:05,31.2089,16.5887,80.92,60,0,13.51
74,Barrow,US,2022-07-17 16:35:05,71.2906,-156.7887,35.62,93,100,12.66
75,Port Alfred,ZA,2022-07-17 16:35:06,-33.5906,26.891,67.17,50,3,10.89
76,Chapais,CA,2022-07-17 16:32:43,49.7834,-74.8492,73.18,35,74,8.41
77,Hermanus,ZA,2022-07-17 16:25:17,-34.4187,19.2345,60.73,77,0,16.53
78,Vardo,NO,2022-07-17 16:31:38,70.3705,31.1107,57.18,77,75,9.22
79,Atuona,PF,2022-07-17 16:35:06,-9.8,-139.0333,77.74,78,23,21.3
80,New Norfolk,AU,2022-07-17 16:35:07,-42.7826,147.0587,38.7,79,91,3.0
81,Dhidhdhoo,MV,2022-07-17 16:35:07,6.8833,73.1,81.57,79,66,16.91
82,Vigrestad,NO,2022-07-17 16:35:08,58.5667,5.7,58.96,97,100,11.45
83,Belaya Gora,RU,2022-07-17 16:35:08,68.5333,146.4167,44.69,64,7,3.89
84,Souillac,MU,2022-07-17 16:30:11,-20.5167,57.5167,70.18,68,40,18.41
85,Thompson,CA,2022-07-17 16:35:09,55.7435,-97.8558,73.56,64,20,5.75
86,Bengkulu,ID,2022-07-17 16:35:09,-3.8004,102.2655,76.87,90,71,3.2
87,Qaanaaq,GL,2022-07-17 16:35:10,77.484,-69.3632,46.29,58,70,2.93
88,Kapaa,US,2022-07-17 16:33:17,22.0752,-159.319,79.12,83,75,18.41
89,Saint George,US,2022-07-17 16:34:16,37.1041,-113.5841,100.8,25,0,3.44
90,Tasiilaq,GL,2022-07-17 16:36:10,65.6145,-37.6368,50.16,78,91,5.99
91,Pingliang,CN,2022-07-17 16:36:11,35.5392,106.6861,70.07,44,86,5.64
92,Byron Bay,AU,2022-07-17 16:31:38,-28.65,153.6167,58.95,75,36,10.56
93,La Ronge,CA,2022-07-17 16:32:39,55.1001,-105.2842,75.45,50,75,6.91
94,Maningrida,AU,2022-07-17 16:28:27,-12.0667,134.2667,64.22,93,100,8.88
95,Klaksvik,FO,2022-07-17 16:36:12,62.2266,-6.589,50.92,84,78,24.05
96,Carnarvon,AU,2022-07-17 16:36:12,-24.8667,113.6333,67.23,80,16,11.88
97,Visnes,NO,2022-07-17 16:36:13,59.3556,5.2242,57.81,94,100,5.75
98,Hasaki,JP,2022-07-17 16:36:13,35.7333,140.8333,75.6,92,45,10.45
99,Norman Wells,CA,2022-07-17 16:36:13,65.282,-126.8329,60.84,88,75,5.75
100,Telchac,MX,2022-07-17 16:36:14,21.2,-89.2667,95.09,37,5,6.08
101,Gidole,ET,2022-07-17 16:36:14,5.65,37.3667,59.9,62,77,2.91
102,Uige,AO,2022-07-17 16:36:15,-7.6087,15.0613,80.91,26,78,0.76
103,Dong Hoi,VN,2022-07-17 16:36:15,17.4833,106.6,83.41,78,40,7.14
104,Viedma,AR,2022-07-17 16:36:16,-40.8135,-62.9967,54.52,36,41,27.69
105,Shaowu,CN,2022-07-17 16:36:16,27.3409,117.4831,77.92,93,100,2.1
106,Heishan,CN,2022-07-17 16:36:16,41.6892,122.1128,68.22,87,18,4.16
107,Santa Cruz De La Palma,ES,2022-07-17 16:36:17,28.6835,-17.7642,78.13,65,20,12.66
108,Numan,NG,2022-07-17 16:36:17,9.4667,12.0333,73.29,94,100,2.46
109,Portland,US,2022-07-17 16:34:34,45.5234,-122.6762,67.6,63,75,6.91
110,Gamba,GA,2022-07-17 16:36:18,-2.65,10.0,73.35,76,15,9.57
111,Alice Springs,AU,2022-07-17 16:36:18,-23.7,133.8833,38.75,35,0,0.0
112,Fairview,US,2022-07-17 16:35:57,40.8126,-73.999,86.23,63,100,6.91
113,Huarmey,PE,2022-07-17 16:36:19,-10.0681,-78.1522,67.28,70,15,10.13
114,Dingle,PH,2022-07-17 16:36:19,10.9995,122.6711,75.11,94,100,2.82
115,Oga,IT,2022-07-17 16:36:19,46.4631,10.347,79.48,49,9,3.44
116,Kondinskoye,RU,2022-07-17 16:36:20,59.6481,67.41,62.96,60,100,4.25
117,Fortuna,US,2022-07-17 16:29:00,40.5982,-124.1573,58.98,90,53,1.01
118,Ewa Beach,US,2022-07-17 16:36:20,21.3156,-158.0072,78.75,71,75,13.8
119,Coihaique,CL,2022-07-17 16:36:21,-45.5752,-72.0662,40.95,70,75,8.05
120,Pravdinsk,RU,2022-07-17 16:36:21,54.4429,21.0179,63.0,68,91,8.93
121,Voh,NC,2022-07-17 16:36:21,-20.9667,164.7,65.35,87,42,6.73
122,Ribeira Grande,PT,2022-07-17 16:36:22,38.5167,-28.7,77.4,73,40,18.41
123,Yatou,CN,2022-07-17 16:36:22,37.15,122.3833,73.09,87,90,2.86
124,Minggang,CN,2022-07-17 16:36:23,32.4586,114.0486,79.68,68,27,2.04
125,Mineros,BO,2022-07-17 16:36:23,-17.1167,-63.2333,71.6,38,92,7.58
126,Iberia,US,2022-07-17 16:32:43,29.9502,-91.7507,93.96,74,40,3.44
127,The Valley,AI,2022-07-17 16:36:24,18.217,-63.0578,87.66,66,20,18.41
128,Mancora,PE,2022-07-17 16:36:24,-4.1078,-81.0475,74.55,68,5,8.9
129,Richards Bay,ZA,2022-07-17 16:36:24,-28.783,32.0377,67.01,77,0,11.95
130,Hofn,IS,2022-07-17 16:36:25,64.2539,-15.2082,59.02,72,75,10.36
131,Mount Isa,AU,2022-07-17 16:36:25,-20.7333,139.5,53.37,66,2,0.0
132,Lagos,NG,2022-07-17 16:36:25,6.5833,3.75,80.04,74,57,7.45
133,Natal,BR,2022-07-17 16:36:21,-5.795,-35.2094,84.42,74,75,21.85
134,Srednekolymsk,RU,2022-07-17 16:27:37,67.45,153.6833,40.12,53,0,4.47
135,Havelock,US,2022-07-17 16:36:26,34.8791,-76.9013,87.98,72,40,9.22
136,Ranong,TH,2022-07-17 16:37:26,9.9658,98.6348,79.02,88,92,4.5
137,Likasi,CD,2022-07-17 16:37:27,-10.9814,26.7333,62.46,41,6,4.03
138,Laguna,US,2022-07-17 16:37:27,38.421,-121.4238,95.94,49,0,8.05
139,Ostrovnoy,RU,2022-07-17 16:37:27,68.0531,39.5131,63.14,62,43,13.76
140,Smithers,CA,2022-07-17 16:30:17,54.7804,-127.1743,55.72,82,75,2.3
141,Kushmurun,KZ,2022-07-17 16:37:28,52.4503,64.6311,69.94,81,71,6.85
142,Kismayo,SO,2022-07-17 16:37:28,-0.3582,42.5454,76.08,80,8,18.86
143,Yar-Sale,RU,2022-07-17 16:37:29,66.8333,70.8333,60.26,67,73,3.36
144,Concarneau,FR,2022-07-17 16:37:29,47.875,-3.9225,99.82,31,10,7.4
145,Khorramabad,IR,2022-07-17 16:37:29,33.4878,48.3558,94.62,9,0,4.61
146,Margate,GB,2022-07-17 16:27:48,51.3813,1.3862,82.11,55,93,1.01
147,Salalah,OM,2022-07-17 16:37:30,17.0151,54.0924,78.89,89,75,6.91
148,Staryy Nadym,RU,2022-07-17 16:37:30,65.6118,72.6842,60.93,62,59,10.18
149,Saskylakh,RU,2022-07-17 16:37:30,71.9167,114.0833,47.71,59,88,6.55
150,Chuy,UY,2022-07-17 16:37:31,-33.6971,-53.4616,51.76,62,0,13.85
151,Palauig,PH,2022-07-17 16:37:31,15.435,119.9045,78.75,83,100,4.09
152,Leningradskiy,RU,2022-07-17 16:30:19,69.3833,178.4167,30.92,81,66,21.36
153,Moberly,US,2022-07-17 16:34:08,39.4184,-92.4382,75.18,87,100,8.05
154,Narsaq,GL,2022-07-17 16:37:32,60.9167,-46.05,57.42,65,7,9.04
155,Torbay,CA,2022-07-17 16:35:30,47.6666,-52.7314,76.87,60,75,16.11
156,North Platte,US,2022-07-17 16:37:32,41.1239,-100.7654,82.29,57,0,4.61
157,Chambarak,AM,2022-07-17 16:37:33,40.5966,45.355,65.5,49,0,2.3
158,Straumen,NO,2022-07-17 16:37:33,63.8709,11.2999,55.4,94,100,6.08
159,Husavik,IS,2022-07-17 16:37:33,66.0449,-17.3389,46.71,93,100,12.21
160,Kavieng,PG,2022-07-17 16:37:34,-2.5744,150.7967,81.79,80,77,15.37
161,Sao Gabriel Da Cachoeira,BR,2022-07-17 16:37:34,-0.1303,-67.0892,89.4,66,20,9.22
162,Havre-Saint-Pierre,CA,2022-07-17 16:32:49,50.2334,-63.5986,68.36,68,0,16.11
163,Yarmouth,US,2022-07-17 16:37:34,41.7057,-70.2286,85.14,73,40,10.36
164,West Plains,US,2022-07-17 16:37:35,36.7281,-91.8524,87.22,69,20,3.44
165,Forbes,AU,2022-07-17 16:37:35,-33.3833,148.0167,47.91,96,43,7.36
166,Talnakh,RU,2022-07-17 16:37:35,69.4865,88.3972,61.21,63,100,4.14
167,Tabas,IR,2022-07-17 16:37:36,33.5959,56.9244,95.77,7,0,11.21
168,Batagay,RU,2022-07-17 16:37:36,67.6333,134.6333,52.93,73,97,1.3
169,Ustka,PL,2022-07-17 16:37:36,54.5805,16.8619,62.65,71,56,15.66
170,Kodiak,US,2022-07-17 16:37:37,57.79,-152.4072,58.51,67,20,6.91
171,Tiznit,MA,2022-07-17 16:37:37,29.5833,-9.5,84.42,44,0,7.58
172,Eureka,US,2022-07-17 16:35:21,40.8021,-124.1637,59.25,84,3,6.82
173,Luderitz,NA,2022-07-17 16:37:38,-26.6481,15.1594,67.89,42,10,4.83
174,Vao,NC,2022-07-17 16:28:55,-22.6667,167.4833,70.18,73,94,18.43
175,Padang,ID,2022-07-17 16:37:38,-0.9492,100.3543,75.25,81,86,3.27
176,Tual,ID,2022-07-17 16:27:43,-5.6667,132.75,78.93,79,99,21.79
177,Elat,IL,2022-07-17 16:37:38,29.5581,34.9482,98.44,30,0,13.8
178,Midland,US,2022-07-17 16:32:55,31.9974,-102.0779,94.05,29,0,8.05
179,Codrington,AU,2022-07-17 16:24:15,-38.2667,141.9667,48.25,71,94,17.13
180,Vetluga,RU,2022-07-17 16:37:39,57.8557,45.781,60.67,86,94,2.91
181,Yellowknife,CA,2022-07-17 16:37:39,62.456,-114.3525,61.32,88,100,16.11
182,Provideniya,RU,2022-07-17 16:37:40,64.3833,-173.3,50.52,97,100,5.23
183,Carutapera,BR,2022-07-17 16:37:40,-1.195,-46.02,87.21,59,42,9.48
184,Altay,CN,2022-07-17 16:38:40,47.8667,88.1167,67.17,48,37,5.06
185,Butaritari,KI,2022-07-17 16:32:46,3.0707,172.7902,81.66,74,99,10.83
186,Wajima,JP,2022-07-17 16:36:43,37.4,136.9,74.44,91,79,8.93
187,Mackenzie,CA,2022-07-17 16:38:41,55.2999,-123.1698,57.42,67,0,4.61
188,Neuquen,AR,2022-07-17 16:38:41,-38.9516,-68.0591,53.49,47,0,9.22
189,Cherskiy,RU,2022-07-17 16:38:42,68.75,161.3,34.25,67,66,11.36
190,Tiksi,RU,2022-07-17 16:38:42,71.6872,128.8694,36.45,80,99,2.8
191,Qaqortoq,GL,2022-07-17 16:38:42,60.7167,-46.0333,46.63,75,8,10.02
192,Kaspiysk,RU,2022-07-17 16:38:43,42.8816,47.6392,86.18,65,0,7.0
193,Beringovskiy,RU,2022-07-17 16:38:43,63.05,179.3167,53.02,68,71,30.38
194,Cotui,DO,2022-07-17 16:38:43,19.0527,-70.1494,91.71,55,38,8.08
195,Kristianstad,SE,2022-07-17 16:38:44,56.0313,14.1524,68.95,56,46,17.27
196,Mae Sot,TH,2022-07-17 16:38:44,16.7167,98.5667,79.43,99,91,2.44
197,Honningsvag,NO,2022-07-17 16:38:44,70.9821,25.9704,51.55,87,100,6.91
198,Hailar,CN,2022-07-17 16:38:45,49.2,119.7,62.46,88,47,0.98
199,Castro,BR,2022-07-17 16:28:39,-24.7911,-50.0119,68.23,62,100,1.99
200,Kloulklubed,PW,2022-07-17 16:38:45,7.0419,134.2556,77.5,75,100,8.16
201,Ulladulla,AU,2022-07-17 16:38:46,-35.35,150.4667,52.2,68,68,9.98
202,Saint-Leu,RE,2022-07-17 16:38:46,-21.15,55.2833,69.31,73,48,12.93
203,Port Macquarie,AU,2022-07-17 16:38:46,-31.4333,152.9167,55.89,79,39,6.51
204,Denizli,TR,2022-07-17 16:38:47,37.8402,29.0698,88.77,25,0,17.72
205,Lagoa,PT,2022-07-17 16:38:47,39.05,-27.9833,70.9,88,50,10.16
206,Mineiros,BR,2022-07-17 16:38:47,-17.5694,-52.5511,89.65,25,17,4.43
207,Zhangye,CN,2022-07-17 16:38:48,38.9342,100.4517,75.31,30,96,4.07
208,Antofagasta,CL,2022-07-17 16:37:36,-23.65,-70.4,58.28,61,0,9.17
209,Barrancabermeja,CO,2022-07-17 16:38:48,7.0653,-73.8547,86.32,74,40,4.61
210,Mahebourg,MU,2022-07-17 16:38:48,-20.4081,57.7,70.09,68,40,18.41
211,Mayahi,NE,2022-07-17 16:38:49,13.9553,7.6712,79.97,69,100,12.95
212,Coolum Beach,AU,2022-07-17 16:38:49,-26.5333,153.1,64.11,86,100,4.81
213,Sangar,RU,2022-07-17 16:31:33,63.9242,127.4739,66.02,97,99,4.45
214,Lokosovo,RU,2022-07-17 16:38:49,61.1333,74.8167,59.32,70,83,8.81
215,Tulun,RU,2022-07-17 16:38:50,54.5611,100.5792,54.54,88,86,5.84
216,Syracuse,IT,2022-07-17 16:38:50,37.0881,15.2792,90.32,58,0,6.46
217,Kununurra,AU,2022-07-17 16:38:51,-15.7667,128.7333,53.58,76,23,0.0
218,Jamame,SO,2022-07-17 16:38:51,0.0722,42.7506,75.18,79,6,14.12
219,Chivacoa,VE,2022-07-17 16:38:51,10.1603,-68.895,88.95,55,54,3.78
220,Faya,SA,2022-07-17 16:31:36,18.3851,42.4509,77.11,34,84,5.86
221,Jinka,ET,2022-07-17 16:38:52,5.65,36.65,68.07,61,90,2.57
222,Harper,LR,2022-07-17 16:38:52,4.375,-7.7169,76.77,77,100,11.03
223,Pirgos,GR,2022-07-17 16:38:52,35.1167,25.7178,88.63,28,0,13.65
224,Aykhal,RU,2022-07-17 16:38:53,66.0,111.5,49.1,97,100,3.04
225,Nikolskoye,RU,2022-07-17 16:38:53,59.7035,30.7861,61.88,94,98,6.96
226,Cabo San Lucas,MX,2022-07-17 16:37:57,22.8909,-109.9124,91.62,33,0,3.44
227,Atar,MR,2022-07-17 16:38:53,20.5169,-13.0499,114.98,6,8,19.06
228,Ponta Delgada,PT,2022-07-17 16:37:18,37.7333,-25.6667,72.32,83,75,17.27
229,Hovd,MN,2022-07-17 16:38:54,48.0056,91.6419,68.9,36,83,10.07
230,Jacareacanga,BR,2022-07-17 16:38:54,-6.2222,-57.7528,98.92,28,29,4.27
231,Palmer,US,2022-07-17 16:37:06,42.1584,-72.3287,87.93,53,20,1.01
232,Lebu,CL,2022-07-17 16:30:12,-37.6167,-73.65,50.13,86,100,9.53
233,Huaraz,PE,2022-07-17 16:39:55,-9.5333,-77.5333,64.71,40,22,3.6
234,Umm Kaddadah,SD,2022-07-17 16:39:55,13.6017,26.6876,93.83,29,14,5.41
235,Tautira,PF,2022-07-17 16:39:56,-17.7333,-149.15,74.73,72,64,15.37
236,Kahului,US,2022-07-17 16:39:56,20.8947,-156.47,78.84,71,20,18.01
237,Amherstburg,CA,2022-07-17 16:37:32,42.1168,-83.0499,78.24,91,75,6.91
238,Ilulissat,GL,2022-07-17 16:39:56,69.2167,-51.1,47.41,56,24,4.99
239,Te Anau,NZ,2022-07-17 16:39:57,-45.4167,167.7167,50.94,89,99,9.35
240,Grindavik,IS,2022-07-17 16:39:57,63.8424,-22.4338,53.55,82,75,11.5
241,Omsukchan,RU,2022-07-17 16:39:57,62.5333,155.8,52.39,93,100,6.53
242,Pacific Grove,US,2022-07-17 16:39:58,36.6177,-121.9166,68.81,92,75,8.99
243,Puerto Cabezas,NI,2022-07-17 16:39:58,14.0351,-83.3888,85.96,79,40,6.91
244,Russell,US,2022-07-17 16:39:58,32.3502,-85.1999,91.9,58,0,0.0
245,Buchanan,LR,2022-07-17 16:39:31,5.8808,-10.0467,77.18,84,99,12.19
246,Bireun,ID,2022-07-17 16:39:59,5.203,96.7009,78.96,85,87,3.98
247,Broome,US,2022-07-17 16:26:54,42.2506,-75.833,86.18,56,0,3.44
248,Mayo,US,2022-07-17 16:39:59,38.8876,-76.5119,86.97,79,0,8.01
249,Cidreira,BR,2022-07-17 16:30:08,-30.1811,-50.2056,57.34,61,9,13.76
250,Goldap,PL,2022-07-17 16:40:00,54.3063,22.3036,59.29,78,62,9.08
251,Amapa,BR,2022-07-17 16:40:00,1.0,-52.0,90.82,46,27,4.38
252,Porto Novo,BJ,2022-07-17 16:40:01,6.4965,2.6036,79.54,73,59,9.75
253,Rambha,IN,2022-07-17 16:40:01,19.5167,85.1,80.2,87,89,14.14
254,Poroshkovo,UA,2022-07-17 16:40:01,48.6683,22.7533,71.02,77,37,4.65
255,Acapulco,MX,2022-07-17 16:37:36,16.8634,-99.8901,82.22,74,75,6.91
256,Champerico,GT,2022-07-17 16:40:02,14.3,-91.9167,88.34,75,87,5.14
257,Hansot,IN,2022-07-17 16:40:03,21.5833,72.8,81.55,86,100,15.43
258,Haines Junction,CA,2022-07-17 16:40:03,60.7522,-137.5108,52.81,73,100,7.78
259,Beloha,MG,2022-07-17 16:40:03,-25.1667,45.05,66.52,70,19,14.99
260,Kimbe,PG,2022-07-17 16:40:04,-5.5502,150.1429,75.09,93,99,4.14
261,Faanui,PF,2022-07-17 16:40:04,-16.4833,-151.75,76.08,74,63,18.86
262,Grand-Santi,GF,2022-07-17 16:40:05,4.25,-54.3833,93.45,44,26,2.91
263,Manzini,SZ,2022-07-17 16:38:25,-26.25,31.5,63.72,64,0,1.5
264,Tiarei,PF,2022-07-17 16:40:05,-17.5333,-149.3333,69.82,72,70,16.42
265,Ascoli Piceno,IT,2022-07-17 16:40:06,42.8548,13.5749,87.03,46,21,3.06
266,Guerrero Negro,MX,2022-07-17 16:40:06,27.9769,-114.0611,74.55,60,3,9.26
267,Shetpe,KZ,2022-07-17 16:40:07,44.1667,52.1167,93.6,22,0,7.16
268,Ngemplak,ID,2022-07-17 16:40:07,-7.5497,110.7164,73.83,93,98,1.83
269,Lorengau,PG,2022-07-17 16:40:08,-2.0226,147.2712,81.21,81,93,9.24
270,Taoudenni,ML,2022-07-17 16:40:08,22.6783,-3.9836,113.23,9,70,11.3
271,Dikson,RU,2022-07-17 16:40:08,73.5069,80.5464,45.48,79,64,8.57
272,Georgetown,MY,2022-07-17 16:27:02,5.4112,100.3354,84.88,88,20,2.3
273,Hohhot,CN,2022-07-17 16:40:09,40.8106,111.6522,64.69,42,0,6.71
274,Progreso,MX,2022-07-17 16:39:33,21.2833,-89.6667,89.71,56,20,10.02
275,Zanjan,IR,2022-07-17 16:40:10,36.6736,48.4787,73.72,36,0,10.04
276,Bemidji,US,2022-07-17 16:39:41,47.4736,-94.8803,83.05,72,0,9.22
277,Balabac,PH,2022-07-17 16:40:10,7.9868,117.0645,81.9,76,100,8.03
278,Makakilo City,US,2022-07-17 16:39:11,21.3469,-158.0858,77.32,70,75,13.8
279,Port-Gentil,GA,2022-07-17 16:40:11,-0.7193,8.7815,78.76,73,40,12.66
280,Kruisfontein,ZA,2022-07-17 16:41:11,-34.0033,24.7314,72.88,27,1,8.03
281,Brainerd,US,2022-07-17 16:41:12,46.358,-94.2008,79.25,69,0,5.75
282,Belmonte,BR,2022-07-17 16:41:06,-15.8631,-38.8828,78.37,64,23,7.34
283,Bay City,US,2022-07-17 16:41:12,43.5945,-83.8889,82.72,62,0,9.22
284,Gunjur,GM,2022-07-17 16:41:13,13.2019,-16.7339,81.34,74,82,13.69
285,Xapuri,BR,2022-07-17 16:41:13,-10.6517,-68.5044,91.83,49,86,3.38
286,Berlevag,NO,2022-07-17 16:41:13,70.8578,29.0864,57.2,82,40,6.91
287,Cap-Aux-Meules,CA,2022-07-17 16:40:01,47.3821,-61.8597,69.85,73,40,16.11
288,Geraldton,AU,2022-07-17 16:40:40,-28.7667,114.6,55.81,94,40,10.36
289,Bilma,NE,2022-07-17 16:41:14,18.6853,12.9164,95.76,28,73,14.12
290,Mandurah,AU,2022-07-17 16:37:59,-32.55,115.7,58.91,84,69,4.72
291,San Patricio,US,2022-07-17 16:41:15,28.017,-97.5169,93.07,39,78,10.22
292,Tevaitoa,PF,2022-07-17 16:41:15,-16.7833,-151.5,76.41,71,79,19.37
293,Lompoc,US,2022-07-17 16:37:04,34.6391,-120.4579,77.85,89,40,3.44
294,Magomeni,TZ,2022-07-17 16:41:15,-6.8,39.25,74.89,74,29,9.53
295,Bambous Virieux,MU,2022-07-17 16:41:16,-20.3428,57.7575,70.05,68,40,18.41
296,Brenes,ES,2022-07-17 16:41:16,37.5494,-5.8714,102.92,21,0,9.22
297,Cleburne,US,2022-07-17 16:41:17,32.3476,-97.3867,98.67,36,0,6.91
298,Churapcha,RU,2022-07-17 16:41:17,62.0025,132.4325,69.17,71,42,3.89
299,Tomatlan,MX,2022-07-17 16:41:18,19.9333,-105.25,80.01,80,99,2.57
300,Burnie,AU,2022-07-17 16:41:18,-41.0667,145.9167,40.95,68,47,15.12
301,Thurso,GB,2022-07-17 16:41:18,58.5927,-3.5259,61.05,90,96,3.67
302,Mossendjo,CG,2022-07-17 16:41:19,-2.9506,12.7261,78.64,53,17,3.65
303,Asau,RO,2022-07-17 16:41:19,46.4333,26.4,70.72,43,36,9.53
304,Uruzgan,AF,2022-07-17 16:41:20,32.8333,66.0,86.38,21,6,6.33
305,Aracati,BR,2022-07-17 16:40:19,-4.5617,-37.7697,84.06,61,96,10.2
306,Vila Velha,BR,2022-07-17 16:41:20,-20.3297,-40.2925,85.95,60,20,13.8
307,Sawai Madhopur,IN,2022-07-17 16:40:09,25.9833,76.3667,88.39,63,43,4.63
308,Vitim,RU,2022-07-17 16:41:21,59.4511,112.5578,56.71,73,100,3.0
309,Encinitas,US,2022-07-17 16:39:04,33.037,-117.292,85.71,85,40,4.61
310,Huilong,CN,2022-07-17 16:41:21,31.8111,121.655,81.93,96,100,12.15
311,Sao Joao Evangelista,BR,2022-07-17 16:41:22,-18.5478,-42.7633,80.85,35,91,6.38
312,Nadym,RU,2022-07-17 16:41:22,65.5333,72.5167,60.39,64,53,10.11
313,Iqaluit,CA,2022-07-17 16:41:23,63.7506,-68.5145,47.93,93,100,3.44
314,Bonavista,CA,2022-07-17 16:41:23,48.6499,-53.1147,64.85,65,9,17.58
315,Tuktoyaktuk,CA,2022-07-17 16:31:37,69.4541,-133.0374,55.4,88,75,6.91
316,Naze,JP,2022-07-17 16:41:23,28.3667,129.4833,79.72,84,100,16.04
317,Sovetskiy,RU,2022-07-17 16:41:24,61.3614,63.5842,63.91,75,100,5.84
318,Upernavik,GL,2022-07-17 16:31:39,72.7868,-56.1549,41.14,86,61,14.32
319,Petatlan,MX,2022-07-17 16:41:24,17.5167,-101.2667,89.31,52,100,5.77
320,Outram,MY,2022-07-17 16:41:25,1.2829,103.8379,84.18,79,75,6.91
321,Sainte-Marie,RE,2022-07-17 16:41:25,-20.8968,55.5496,70.41,67,40,18.41
322,Constitucion,CL,2022-07-17 16:41:25,-35.3333,-72.4167,48.15,91,100,14.56
323,Labuhan,ID,2022-07-17 16:41:26,-6.8844,112.2051,78.13,84,100,11.27
324,Karpathos,GR,2022-07-17 16:41:26,35.507,27.2132,80.56,61,0,25.32
325,Zhezkazgan,KZ,2022-07-17 16:42:26,47.8043,67.7144,80.28,39,10,12.33
326,Worth,US,2022-07-17 16:41:42,41.6898,-87.7973,78.4,89,100,8.05
327,Ponta Do Sol,PT,2022-07-17 16:42:27,32.6667,-17.1,77.72,81,35,9.55
328,Xicotencatl,MX,2022-07-17 16:42:27,23.0167,-98.8833,90.48,44,5,9.19
329,Kota Bahru,MY,2022-07-17 16:42:28,6.1333,102.2386,80.55,88,20,3.44
330,Smoky Lake,CA,2022-07-17 16:42:28,54.1169,-112.4686,66.78,77,100,0.0
331,Sao Joao Da Barra,BR,2022-07-17 16:42:28,-21.6403,-41.0511,86.09,68,85,17.47
332,Guarda,PT,2022-07-17 16:42:29,40.5373,-7.2658,90.23,11,36,15.57
333,Lazaro Cardenas,MX,2022-07-17 16:40:33,17.9583,-102.2,84.96,63,89,2.95
334,Falun,SE,2022-07-17 16:42:29,60.6036,15.626,65.21,61,97,6.26
335,Port Hardy,CA,2022-07-17 16:42:29,50.6996,-127.4199,55.58,88,100,5.75
336,Pinar Del Rio,CU,2022-07-17 16:42:30,22.4175,-83.6981,89.02,54,88,9.69
337,Plettenberg Bay,ZA,2022-07-17 16:42:30,-34.0527,23.3716,74.53,32,0,12.77
338,Nioro,GM,2022-07-17 16:42:31,13.35,-15.75,92.12,43,63,12.39
339,La Foa,NC,2022-07-17 16:42:31,-21.7108,165.8276,65.53,84,19,5.03
340,Pevek,RU,2022-07-17 16:42:31,69.7008,170.3133,30.6,96,100,33.89
341,Jiayuguan,CN,2022-07-17 16:42:32,39.8167,98.3,76.23,33,93,13.4
342,Rock Sound,BS,2022-07-17 16:42:32,24.9,-76.2,82.71,77,27,18.5
343,Juan Lacaze,UY,2022-07-17 16:42:32,-34.4342,-57.4381,53.67,49,0,17.13
344,Phalombe,MW,2022-07-17 16:42:33,-15.8064,35.6507,62.55,71,92,4.07
345,Bilibino,RU,2022-07-17 16:42:33,68.0546,166.4372,29.37,78,39,14.56
346,Deputatskiy,RU,2022-07-17 16:42:33,69.3,139.9,41.27,77,95,1.59
347,Syedove,UA,2022-07-17 16:42:34,47.0768,38.156,79.93,53,13,12.37
348,Nata,PA,2022-07-17 16:42:34,8.3333,-80.5167,84.07,64,99,2.77
349,Genhe,CN,2022-07-17 16:42:34,50.7833,121.5167,59.58,96,98,1.1
350,Loandjili,CG,2022-07-17 16:42:35,-4.7561,11.8578,73.02,83,84,8.1
351,Beira,MZ,2022-07-17 16:42:35,-19.8436,34.8389,68.16,82,45,8.19
352,Aripuana,BR,2022-07-17 16:42:36,-9.1667,-60.6333,98.08,27,15,5.08
353,Ambatondrazaka,MG,2022-07-17 16:42:36,-17.8333,48.4167,59.16,91,100,8.81
354,Maragogi,BR,2022-07-17 16:42:36,-9.0122,-35.2225,77.77,75,16,13.58
355,Mar Del Plata,AR,2022-07-17 16:39:50,-38.0023,-57.5575,57.94,41,0,20.71
356,Arraial Do Cabo,BR,2022-07-17 16:42:37,-22.9661,-42.0278,87.76,54,0,9.22
357,Ancud,CL,2022-07-17 16:42:37,-41.8697,-73.8203,44.22,86,65,18.39
358,Dawson,US,2022-07-17 16:42:09,31.7735,-84.4466,88.18,47,4,7.2
359,Robertsport,LR,2022-07-17 16:42:37,6.7533,-11.3686,77.32,85,100,14.88
360,Katobu,ID,2022-07-17 16:32:44,-4.9408,122.5276,73.99,92,89,4.23
361,Nemuro,JP,2022-07-17 16:42:38,43.3236,145.575,62.76,100,100,12.24
362,Ternate,ID,2022-07-17 16:42:38,0.8,127.4,79.43,82,100,6.13
363,Shimoda,JP,2022-07-17 16:42:39,34.6667,138.95,73.11,92,51,12.33
364,Coari,BR,2022-07-17 16:42:39,-4.085,-63.1414,93.6,43,30,4.23
365,Ust-Kuyga,RU,2022-07-17 16:42:39,70.0167,135.6,42.91,68,99,4.41
366,Agadez,NE,2022-07-17 16:42:40,19.75,10.25,100.69,15,11,11.48
367,Guarapari,BR,2022-07-17 16:42:40,-20.6667,-40.4975,81.9,59,66,19.33
368,Rocha,UY,2022-07-17 16:42:40,-34.4833,-54.3333,52.68,53,1,15.46
369,Jinji,CN,2022-07-17 16:42:41,23.2281,110.8261,80.49,88,100,1.9
370,Ulagan,RU,2022-07-17 16:43:41,50.6321,87.9563,52.5,92,84,4.32
371,Nanortalik,GL,2022-07-17 16:43:42,60.1432,-45.2371,43.81,80,59,12.21
372,Khawhai,IN,2022-07-17 16:43:42,23.3667,93.1167,63.41,99,85,1.1
373,Alto Longa,BR,2022-07-17 16:43:42,-5.2511,-42.2103,97.79,26,44,6.33
374,Nabire,ID,2022-07-17 16:43:43,-3.3667,135.4833,74.26,96,100,2.21
375,Khandyga,RU,2022-07-17 16:43:43,62.6667,135.6,68.18,85,5,1.97
376,Fort Smith,US,2022-07-17 16:43:43,35.3859,-94.3986,97.38,41,0,12.66
377,Pemberton,CA,2022-07-17 16:43:07,50.3164,-122.8027,60.49,72,89,1.66
378,Adrar,MR,2022-07-17 16:43:44,20.5022,-10.0711,111.52,7,10,13.31
379,Kamenka,RU,2022-07-17 16:43:44,51.3223,42.7678,65.89,89,29,9.78
380,Shenjiamen,CN,2022-07-17 16:43:44,29.9576,122.298,76.39,97,100,2.8
381,Rochegda,RU,2022-07-17 16:43:45,62.8,43.25,62.69,73,100,3.38
382,Det Udom,TH,2022-07-17 16:43:45,14.906,105.0784,80.42,86,97,7.38
383,Milkovo,RU,2022-07-17 16:43:45,54.7167,158.6167,57.63,89,0,3.8
384,Pedasi,PA,2022-07-17 16:43:46,7.5333,-80.0333,86.07,78,100,9.64
385,Leshukonskoye,RU,2022-07-17 16:43:46,64.8989,45.7622,65.91,59,100,3.58
386,Gulariya,NP,2022-07-17 16:39:55,28.2333,81.3333,89.19,48,24,5.19
387,Acarau,BR,2022-07-17 16:43:47,-2.8856,-40.12,85.03,64,49,16.53
388,Rorvik,NO,2022-07-17 16:43:47,64.8621,11.2373,55.38,94,75,19.57
389,Manokwari,ID,2022-07-17 16:43:47,-0.8667,134.0833,74.66,89,100,2.1
390,Nedjo,ET,2022-07-17 16:43:48,9.5046,35.5019,58.87,97,97,1.83
391,Tungor,RU,2022-07-17 16:43:48,53.3808,142.9564,52.38,90,100,14.63
392,Paamiut,GL,2022-07-17 16:43:49,61.994,-49.6678,41.81,91,100,8.14
393,Bouloupari,NC,2022-07-17 16:43:49,-21.8667,166.05,66.11,85,22,4.0
394,Marawi,PH,2022-07-17 16:43:49,7.9986,124.2928,69.19,93,100,3.0
395,Olafsvik,IS,2022-07-17 16:43:50,64.8945,-23.7142,51.21,84,66,3.4
396,Port Keats,AU,2022-07-17 16:43:50,-14.25,129.55,64.69,40,36,6.44
397,Bandarbeyla,SO,2022-07-17 16:43:51,9.4942,50.8122,77.31,78,16,36.13
398,Flin Flon,CA,2022-07-17 16:43:51,54.7682,-101.865,75.04,60,20,8.05
399,Inirida,CO,2022-07-17 16:43:51,3.8653,-67.9239,87.57,65,22,4.12
400,San Cristobal,VE,2022-07-17 16:43:52,7.7669,-72.225,82.58,63,86,6.55
401,Nuuk,GL,2022-07-17 16:43:52,64.1835,-51.7216,48.81,76,100,26.46
402,Half Moon Bay,US,2022-07-17 16:43:52,37.4636,-122.4286,76.87,75,100,12.66
403,Tazovskiy,RU,2022-07-17 16:43:53,67.4667,78.7,58.55,64,99,1.5
404,Marquette,US,2022-07-17 16:41:58,46.5333,-87.6335,80.78,71,8,2.82
405,Vanavara,RU,2022-07-17 16:43:53,60.34,102.2797,52.38,89,72,3.38
406,Cayenne,GF,2022-07-17 16:43:53,4.9333,-52.3333,86.09,3,75,6.91
407,Saldanha,ZA,2022-07-17 16:40:37,-33.0117,17.9442,60.85,93,0,7.2
408,Qasigiannguit,GL,2022-07-17 16:43:54,68.8193,-51.1922,45.88,61,24,1.1
409,Vaitape,PF,2022-07-17 16:43:54,-16.5167,-151.75,76.08,73,67,19.01
410,Chushan,CN,2022-07-17 16:43:54,33.2955,113.6528,81.12,64,16,3.49
411,Quimper,FR,2022-07-17 16:43:55,48.0,-4.1,91.96,29,0,8.05
412,Mount Gambier,AU,2022-07-17 16:40:43,-37.8333,140.7667,46.29,77,91,9.42
413,Maba,CN,2022-07-17 16:44:56,24.6841,113.5984,80.15,90,100,3.04
414,Yulara,AU,2022-07-17 16:44:56,-25.2406,130.9889,51.73,21,19,8.99
415,Innisfail,AU,2022-07-17 16:44:56,-17.5333,146.0333,66.52,86,96,5.88
416,Arlit,NE,2022-07-17 16:44:57,18.7369,7.3853,95.83,28,34,17.74
417,Gorontalo,ID,2022-07-17 16:44:57,0.5412,123.0595,74.66,95,100,2.3
418,Tucuman,AR,2022-07-17 16:44:57,-26.8241,-65.2226,60.8,36,0,4.61
419,Aquiraz,BR,2022-07-17 16:44:58,-3.9014,-38.3911,88.45,72,79,12.48
420,Arroyo,ES,2022-07-17 16:44:58,41.6096,-4.7969,104.07,12,0,10.36
421,Tromso,NO,2022-07-17 16:44:58,69.6496,18.957,50.38,87,75,5.75
422,Torrox,ES,2022-07-17 16:44:59,36.7579,-3.9523,89.91,41,0,1.99
423,Mackay,AU,2022-07-17 16:44:59,-21.15,149.2,60.67,91,8,9.24
424,Sa Kaeo,TH,2022-07-17 16:44:59,13.75,102.3333,77.7,86,99,4.81
425,Pemangkat,ID,2022-07-17 16:45:00,1.1667,108.9667,78.42,77,100,5.57
426,Acajutla,SV,2022-07-17 16:45:00,13.5928,-89.8275,85.68,56,99,4.59
427,Kawalu,ID,2022-07-17 16:45:01,-7.3817,108.2082,72.3,98,100,2.26
428,Sitka,US,2022-07-17 16:45:02,57.0531,-135.33,53.49,94,100,6.91
429,Penzance,GB,2022-07-17 16:45:02,50.1186,-5.5371,75.88,61,100,10.33
430,Vestmannaeyjar,IS,2022-07-17 16:45:02,63.4427,-20.2734,54.59,82,20,16.11
431,Pisco,PE,2022-07-17 16:45:03,-13.7,-76.2167,64.02,72,1,8.05
432,Semnan,IR,2022-07-17 16:45:03,35.5729,53.3971,94.84,13,0,6.91
433,Long Beach,US,2022-07-17 16:45:04,33.767,-118.1892,82.11,85,75,8.05
434,Poso,ID,2022-07-17 16:45:04,-1.3959,120.7524,76.23,88,99,3.89
435,Aksu,CN,2022-07-17 16:45:05,41.1231,80.2644,80.6,27,0,8.14
436,Lata,PT,2022-07-17 16:45:05,40.1629,-8.3327,84.22,41,28,9.55
437,Gat,IL,2022-07-17 16:44:03,31.61,34.7642,83.39,100,0,8.41
438,Sarh,TD,2022-07-17 16:45:05,9.1429,18.3923,71.96,96,100,4.88
439,Tyukhtet,RU,2022-07-17 16:45:06,56.5389,89.3011,52.81,98,81,1.92
440,Zhigansk,RU,2022-07-17 16:45:06,66.7697,123.3711,55.36,67,100,12.06
441,Pringsewu,ID,2022-07-17 16:45:06,-5.3582,104.9744,74.08,98,88,1.01
442,Socorro,US,2022-07-17 16:45:07,31.6546,-106.3033,93.49,30,0,5.75
443,Hambantota,LK,2022-07-17 16:45:07,6.1241,81.1185,80.85,78,100,16.67
444,Malinyi,TZ,2022-07-17 16:45:08,-8.9333,36.1333,73.44,47,74,3.42
445,Aswan,EG,2022-07-17 16:45:08,24.0934,32.907,103.3,9,0,11.5
446,Banjar,ID,2022-07-17 16:45:08,-8.19,114.9675,75.61,91,37,1.28
447,Gao,ML,2022-07-17 16:45:09,16.6362,1.637,99.32,26,12,9.17
448,Whitehorse,CA,2022-07-17 16:40:58,60.7161,-135.0538,50.77,87,75,13.8
449,Kuala Terengganu,MY,2022-07-17 16:45:09,5.3302,103.1408,80.55,94,20,3.44
450,Xichang,CN,2022-07-17 16:45:10,27.8964,102.2634,70.34,91,99,1.68
451,Burns Lake,CA,2022-07-17 16:45:05,54.2331,-125.7533,54.82,52,3,3.65
452,Constantine,DZ,2022-07-17 16:45:10,36.365,6.6147,96.21,24,0,13.8
453,Bara,NG,2022-07-17 16:46:11,10.3744,10.7288,71.8,95,100,2.89
454,Petrov Val,RU,2022-07-17 16:46:11,50.1434,45.2096,75.74,52,0,8.63
455,Hobyo,SO,2022-07-17 16:46:12,5.3505,48.5268,77.31,77,47,31.56
456,Moita,PT,2022-07-17 16:46:12,38.6508,-8.9904,78.08,49,2,11.41
457,Graham,US,2022-07-17 16:46:12,47.0529,-122.2943,61.59,75,100,4.0
458,Sept-Iles,CA,2022-07-17 16:46:13,50.2001,-66.3821,73.4,59,75,9.22
459,Olinda,BR,2022-07-17 16:43:42,-8.0089,-34.8553,80.33,74,75,10.36
460,Necochea,AR,2022-07-17 16:46:13,-38.5473,-58.7368,55.53,37,6,20.11
461,Maldonado,UY,2022-07-17 16:46:14,-34.6667,-54.9167,51.22,54,0,16.71
462,Kotaparh,IN,2022-07-17 16:46:14,19.15,82.35,73.15,96,100,9.42
463,Port Blair,IN,2022-07-17 16:46:14,11.6667,92.75,81.41,84,100,10.09
464,Sri Aman,MY,2022-07-17 16:46:15,1.2376,111.4621,77.09,94,97,0.0
465,Port Lincoln,AU,2022-07-17 16:46:15,-34.7333,135.8667,53.78,52,99,8.97
466,Port Augusta,AU,2022-07-17 16:46:16,-32.5,137.7667,48.79,85,56,6.33
467,Esperance,AU,2022-07-17 16:46:16,-33.8667,121.9,54.64,78,100,12.44
468,Kushiro,JP,2022-07-17 16:42:24,42.975,144.3747,64.22,99,100,8.12
469,Bethel,US,2022-07-17 16:46:17,41.3712,-73.414,85.73,65,40,4.61
470,Alappuzha,IN,2022-07-17 16:46:17,9.49,76.3264,77.0,84,100,7.58
471,Agaro,ET,2022-07-17 16:46:17,7.85,36.65,62.47,96,96,2.35
472,Clinton,US,2022-07-17 16:43:19,42.587,-82.9199,81.45,81,100,4.61
473,Santa Marta,CO,2022-07-17 16:41:50,11.2408,-74.199,86.05,74,40,10.36
474,Kaeo,NZ,2022-07-17 16:46:18,-35.1,173.7833,45.32,94,88,4.03
475,Saint-Georges,GD,2022-07-17 16:46:18,12.0564,-61.7485,83.88,79,40,23.02
476,Korem,ET,2022-07-17 16:46:19,12.5058,39.5228,64.54,58,100,0.34
477,Pangnirtung,CA,2022-07-17 16:46:19,66.1451,-65.7125,44.6,81,40,14.97
478,Olonets,RU,2022-07-17 16:46:20,60.9847,32.9698,59.61,79,36,6.08
479,Namibe,AO,2022-07-17 16:46:20,-15.1961,12.1522,66.67,78,5,7.49
480,Velyka Lepetykha,UA,2022-07-17 16:46:21,47.1757,33.9436,76.71,38,67,10.58
481,Prieska,ZA,2022-07-17 16:46:21,-29.6641,22.7474,61.72,39,0,8.08
482,Nandu,CN,2022-07-17 16:46:21,22.8525,110.8233,80.15,89,100,3.4
483,Clyde River,CA,2022-07-17 16:46:22,70.4692,-68.5914,34.03,93,100,9.22
484,Sioux Lookout,CA,2022-07-17 16:42:43,50.1001,-91.917,80.67,61,20,6.91
485,Sao Filipe,CV,2022-07-17 16:46:22,14.8961,-24.4956,76.24,79,25,15.86
486,Ronda,ES,2022-07-17 16:46:22,36.7423,-5.1671,92.98,19,4,7.18
487,Nome,US,2022-07-17 16:46:23,64.5011,-165.4064,44.67,76,0,0.0
488,Kokemaki,FI,2022-07-17 16:46:23,61.2565,22.3564,56.98,94,100,4.56
489,Samfya,ZM,2022-07-17 16:46:23,-11.3649,29.5565,66.69,40,39,6.67
490,Verkhoyansk,RU,2022-07-17 16:46:24,67.5447,133.385,54.59,71,99,2.01
491,Ninotsminda,GE,2022-07-17 16:46:24,41.2646,43.5916,58.62,74,7,6.02
492,Omboue,GA,2022-07-17 16:46:24,-1.5746,9.2618,74.91,74,40,10.29
493,Taree,AU,2022-07-17 16:46:25,-31.9,152.4667,57.11,82,9,4.16
494,Kazachinskoye,RU,2022-07-17 16:46:25,57.6953,93.2761,56.35,87,95,4.29
495,Schrobenhausen,DE,2022-07-17 16:46:25,48.55,11.2667,81.9,11,40,1.14
496,Ransang,PH,2022-07-17 16:46:26,8.9603,117.5828,79.27,84,100,3.38
497,Dourbali,TD,2022-07-17 16:46:26,11.8091,15.8632,76.14,74,98,10.2
498,Chokurdakh,RU,2022-07-17 16:46:26,70.6333,147.9167,39.63,60,14,9.1
499,Paramonga,PE,2022-07-17 16:46:27,-10.6667,-77.8333,66.2,71,34,9.01
500,Banda Aceh,ID,2022-07-17 16:46:27,5.5577,95.3222,80.06,81,81,4.56
501,Gizo,SB,2022-07-17 16:47:28,-8.103,156.8419,81.0,78,41,5.61
502,Isangel,VU,2022-07-17 16:47:28,-19.55,169.2667,73.89,85,80,15.21
503,Udachnyy,RU,2022-07-17 16:47:28,66.4167,112.4,50.45,100,100,5.12
504,Beyneu,KZ,2022-07-17 16:47:29,45.3167,55.2,99.63,14,0,14.81
505,Vostok,RU,2022-07-17 16:47:29,46.4856,135.8833,54.21,95,87,3.02
506,Kuzino,RU,2022-07-17 16:47:29,57.0224,59.4412,61.16,76,72,4.0
507,Seoul,KR,2022-07-17 16:46:34,37.5683,126.9778,74.8,86,40,3.44
508,Puerto Leguizamo,CO,2022-07-17 16:47:30,-0.1934,-74.7819,88.12,57,91,1.92
509,Evanston,US,2022-07-17 16:46:43,42.0411,-87.6901,77.97,88,100,11.5
510,Talaya,RU,2022-07-17 16:47:30,61.3833,152.75,61.3,96,87,4.54
511,Fort Myers Beach,US,2022-07-17 16:47:31,26.452,-81.9481,83.01,80,100,6.91
512,Naantali,FI,2022-07-17 16:47:31,60.4674,22.0243,60.85,62,100,6.91
513,Lac Du Bonnet,CA,2022-07-17 16:47:31,50.2536,-96.0612,85.5,54,2,8.88
514,Ylojarvi,FI,2022-07-17 16:47:32,61.5563,23.5961,56.5,77,100,9.22
515,Kenai,US,2022-07-17 16:47:32,60.5544,-151.2583,54.14,98,100,4.61
516,Camana,PE,2022-07-17 16:47:33,-16.6228,-72.7111,63.7,72,48,11.27
517,Visby,SE,2022-07-17 16:47:33,57.6409,18.296,66.42,68,0,9.22
518,Bathsheba,BB,2022-07-17 16:47:33,13.2167,-59.5167,88.41,78,20,26.46
519,Nangomba,TZ,2022-07-17 16:47:34,-10.9,38.5,77.52,41,84,5.66
520,Komsomolskiy,UZ,2022-07-17 16:47:34,40.4272,71.7189,88.52,29,0,4.61
521,Aklavik,CA,2022-07-17 16:47:35,68.2191,-135.0107,53.6,100,75,5.75
522,Priyutnoye,RU,2022-07-17 16:47:35,46.1011,43.5072,83.82,36,8,9.93
523,Catia La Mar,VE,2022-07-17 16:47:35,10.6038,-67.0303,86.99,83,46,8.37
524,Goderich,CA,2022-07-17 16:43:10,43.7501,-81.7165,73.72,68,100,8.05
525,Alyangula,AU,2022-07-17 16:47:36,-13.8483,136.4192,67.95,91,37,10.4
526,Porbandar,IN,2022-07-17 16:47:36,21.6422,69.6093,81.34,87,74,18.59
527,Ekhabi,RU,2022-07-17 16:47:36,53.5102,142.9671,52.0,92,100,15.1
528,Mandali,IQ,2022-07-17 16:47:37,33.7499,45.5541,103.48,12,0,9.62
529,Owando,CG,2022-07-17 16:47:37,-0.4819,15.8999,83.39,48,71,3.44
530,Paita,PE,2022-07-17 16:47:38,-5.0892,-81.1144,69.87,69,1,13.22
531,Ambikapur,IN,2022-07-17 16:47:38,23.1167,83.2,78.4,82,15,9.1
532,Micheweni,TZ,2022-07-17 16:47:38,-4.9667,39.8333,75.56,79,43,16.96
533,Odweyne,SO,2022-07-17 16:47:39,9.4092,45.064,78.53,43,41,14.72
534,Poum,NC,2022-07-17 16:47:39,-20.2333,164.0167,72.79,74,40,19.86
535,Pozhva,RU,2022-07-17 16:47:39,59.0912,56.0847,63.07,70,0,5.66
536,Urumqi,CN,2022-07-17 16:47:40,43.801,87.6005,85.15,19,75,6.71
537,Merrill,US,2022-07-17 16:47:40,45.1805,-89.6835,82.81,67,40,1.01
538,Novyy Svit,UA,2022-07-17 16:47:40,47.8059,38.0211,77.56,35,27,15.05
539,Vanimo,PG,2022-07-17 16:47:41,-2.6741,141.3028,75.61,89,100,3.31
540,Bukama,CD,2022-07-17 16:47:05,-9.2,25.85,77.72,31,39,4.97
541,Mwanza,TZ,2022-07-17 16:47:41,-2.5167,32.9,75.04,54,54,6.08
542,Flinders,AU,2022-07-17 16:47:41,-34.5833,150.8552,55.18,66,52,7.0
543,Tukrah,LY,2022-07-17 16:47:42,32.5341,20.5791,80.94,74,0,16.31
544,Rio Verde De Mato Grosso,BR,2022-07-17 16:47:42,-18.9181,-54.8442,87.31,37,67,0.74
545,Thayetmyo,MM,2022-07-17 16:47:42,19.3167,95.1833,78.67,93,74,4.07
546,Nouadhibou,MR,2022-07-17 16:47:43,20.931,-17.0347,75.18,73,4,28.77
547,Yerbogachen,RU,2022-07-17 16:48:43,61.2767,108.0108,59.18,74,95,2.84
548,Tuatapere,NZ,2022-07-17 16:48:44,-46.1333,167.6833,55.13,62,58,11.83
549,Srandakan,ID,2022-07-17 16:48:44,-7.9386,110.2506,76.23,86,100,4.79
